id,retention
7001,0.6690620785302225
1319,0.6724377191131863
8901,0.6841142940933936
9175,0.7016693630460379
350,0.7756035284118364
5494,0.7552986132152757
9376,0.7570705238227576
6883,0.786075352355068
1514,0.6680217803525773
4196,0.6197921334566656
6760,0.8511233911030812
8608,0.5616476950098116
2403,0.8057547146984034
507,0.8043655572263041
9868,0.7814246002494006
6863,0.7770604568572516
316,0.5680322435766484
8312,0.7685567030766888
9518,0.7823150143210933
8210,0.8934503487880959
5603,0.7712765622596631
9139,0.717219311869019
8867,0.83387004708338
1470,0.6781957763499609
8702,0.7526389978035178
2674,0.7686479401890348
5564,0.7957018745808021
1428,0.83765856108728
5572,0.7105269266378348
6304,0.6500572115121255
197,0.8727368869330047
5833,0.7790834683116709
4320,0.8259660341749789
326,0.8739757770707897
8774,0.7743066013631283
4093,0.7521628351858717
876,0.8879697672952283
7114,0.7789632712598259
399,0.8467203118311657
7496,0.8113845175442012
9789,0.7376131596776538
2011,0.8439454472544847
2588,0.8660507548623811
528,0.9013555016252287
9453,0.8285424291598279
8115,0.5852184694204388
2498,0.7682134958907954
3297,0.7588632077762254
8370,0.795972722167044
2453,0.8545254776463654
7597,0.8000104745993865
8264,0.7993955830108047
5393,0.7853607445707068
365,0.8197288747948422
4315,0.77035346544679
5225,0.8123478385308012
711,0.7920986013575352
2110,0.5101249832470628
1868,0.7293034976881977
2397,0.8858331522470704
2490,0.8758212502816783
9837,0.4573196429062906
8701,0.9157086292746128
1071,0.9226685781266549
7919,0.7626347720107846
4293,0.804483743435025
6523,0.8682608388934888
6213,0.7954526494311444
2298,0.46430628441489824
1813,0.8107021491138032
9501,0.8022636983239008
2701,0.7294594833533886
3705,0.8220658027606333
7817,0.7722154100593043
10077,0.8225148859337752
9370,0.8693649171249488
2069,0.8137399990113862
6730,0.8105062712080668
2442,0.8360166018382889
7059,0.8463882823644796
2257,0.7536984478941839
6482,0.6860756353707181
1112,0.883100512574195
8983,0.7210011536989868
9429,0.44654881187639023
7628,0.7945210140034078
4833,0.4037369489624483
7877,0.8644341257384314
8338,0.20537129514478292
9929,0.6776901385737423
2034,0.7575079991462261
1086,0.5342011968688269
7873,0.6954185262317126
752,0.6284716112210712
449,0.7039315798637213
7105,0.4797191832962449
5128,0.6238225415419199
6141,0.3951362121676711
916,0.6623909903977797
4122,0.7467945854613957
7095,0.594565677437806
5708,0.7451066545650517
9987,0.7764009339094109
8765,0.8443651150104748
3090,0.7551431513657004
6521,0.6698301352660132
8382,0.8950370149928256
9411,0.9412486899459246
5765,0.8226987821124068
6444,0.7381238887880633
8639,0.6898262358239188
2162,0.7410342019717904
3382,0.7670752006789275
6799,0.8033894713941342
6203,0.7460738930577745
9504,0.5049582399316045
7890,0.6538539908506323
2949,0.894277270032683
3758,0.7841305878358282
2699,0.7758770687905363
9072,0.789259256439494
2615,0.646593852093319
1647,0.7985522582670613
2934,0.6998511314880457
9599,0.7998706369403167
409,0.7623543586319516
9756,0.7570976526256991
4919,0.8751492403269299
2598,0.7101034979478973
7755,0.6773528850799394
7663,0.717396903800747
5590,0.8555067017902188
3251,0.8549849234881362
4169,0.8309199965790425
8332,0.7675800333284498
2694,0.7904210114271848
3572,0.6191033983258563
8635,0.8221679163382077
3016,0.8202108594133818
482,0.6099715767024162
348,0.8256996844867815
4709,0.7824592557541283
3177,0.8060652011669168
877,0.7815921748670137
6173,0.843144680759516
2645,0.7747008063770849
2527,0.7300334444520228
9240,0.7994605632367412
1199,0.9014832628648772
6371,0.6403536035459143
5124,0.6909842033895576
6499,0.7973638455066209
4477,0.5628731244867227
1386,0.803485509268597
8070,0.8274136677760593
7437,0.8431059753686987
6684,0.5602530675488481
2009,0.7335876817750918
4255,0.8222794204394525
4484,0.8834944419487951
4231,0.8284321962054527
6496,0.7404514022290843
9884,0.8065276808128731
8809,0.731912358347402
6486,0.6009834583107841
6988,0.8785801631530611
6916,0.7894510299676005
4284,0.8017464558032583
5671,0.7493390579406615
4893,0.7358439543048982
7263,0.6219920434732633
9207,0.33254528985571613
8064,0.828218486426203
10126,0.8709821402113489
4771,0.7837947245593706
4343,0.8123125977537872
5573,0.7389495372846056
8693,0.6978338602708254
6710,0.690393909464786
8823,0.7834726962405235
9701,0.7485421515603486
4335,0.8736172839991454
948,0.7334382728197602
5141,0.7905643133453131
2027,0.8053076999500165
7734,0.7735394293760147
9471,0.763360980020872
2565,0.6711032739660965
4311,0.8030208202396775
3716,0.8357017909893614
4773,0.8932075062056333
4867,0.6448244706152446
8505,0.7383315943553607
8642,0.7467166384306675
5023,0.7346462589865562
2630,0.8972470736186491
3537,0.8308132724565653
3306,0.5898620807460141
4117,0.7433342042459156
5736,0.8727827258343456
3175,0.8031689653796689
1143,0.6677398528009127
5254,0.6954428043016362
9851,0.6459308037597773
4045,0.8215550584743682
4174,0.8040841647299688
3105,0.7701063367292201
3877,0.879493529373164
8046,0.8958471945662922
1522,0.8242982706139976
4936,0.6267012342560009
2239,0.9251542829241401
1011,0.6658314470133083
7055,0.6470490925024205
407,0.3437260477235579
2512,0.6277479650190934
3337,0.734181701314646
9425,0.7856334145927709
9371,0.8018554693382279
1261,0.9438926604151856
4271,0.8770765097483583
3613,0.8029908862730716
8278,0.7604045042035992
7795,0.8784085697870797
898,0.7511851865610598
6298,0.8195928574802399
8468,0.765419691102709
8396,0.5988395259499553
2582,0.5861008501881637
8488,0.8757839721195154
2518,0.8383155689752645
82,0.8464276207957556
4053,0.5983696797119554
2214,0.7564611043098872
2716,0.465306133771707
8155,0.54239239608052
2952,0.6535105351317673
8262,0.6458542895237686
7813,0.8624680287813348
2291,0.47678634035119877
7481,0.7176571968537903
3649,0.5035590814466516
6139,0.7644149301025694
2502,0.7345146003070253
1788,0.8301414769917798
5015,0.7783514328294482
8593,0.5966093294932481
5099,0.9070221991613185
8316,0.5730868104055963
3130,0.835884532817099
5784,0.8128648990153028
7009,0.7576388753715763
5624,0.6563542677417304
6622,0.7474030976207193
10045,0.7852695978156433
1918,0.6204463294398831
484,0.825227030671449
3139,0.6399207071439549
7426,0.7852722718098216
1253,0.7533464912893894
4788,0.7094323455558132
336,0.8245777092252702
3111,0.8528267138403575
7584,0.6849548688164636
1500,0.6923287713583496
856,0.871606058175216
5106,0.8269490615276817
7385,0.8326340636185483
1440,0.7986963416731978
7744,0.7061808396775472
9967,0.7198999929456072
5883,0.8672741994663081
8347,0.7702985092812552
3588,0.866965776770884
7431,0.3964996799025527
4532,0.8303860634194623
6537,0.8030879624468783
8438,0.49317012539574706
3694,0.8568781190820361
4745,0.8637556373488696
7675,0.6774766314319063
1973,0.8968283551694957
2666,0.4496568197793056
7622,0.6047650616362579
4084,0.8567396369068468
9977,0.8241726562011124
358,0.8887060542411002
10093,0.8728802297071975
7015,0.6070932214971214
1958,0.7307221780323587
6671,0.6606943361945093
2870,0.739873876356418
4425,0.8059435570634333
6300,0.9085099459458714
8861,0.7590564599585194
1636,0.6370700067805987
6322,0.8553136759015163
5811,0.8274353113690124
5876,0.7478704165379857
733,0.8012010236858812
9302,0.7399073335088361
2506,0.8231715901770572
3160,0.6833031693301818
8024,0.8076681073167631
3116,0.7623240446550268
4403,0.8694683841891057
8188,0.6869904323048264
4055,0.910215327110896
4538,0.8057782032370246
5820,0.7954141246847873
2091,0.888777631983359
7872,0.8896142872938837
6449,0.7450359762933102
6822,0.7532529338670058
661,0.3649242238781563
2783,0.755453780583547
9099,0.8312439487945408
7534,0.8924510697579784
3818,0.6112417440643885
4433,0.8073345537170836
666,0.7255137226452918
4337,0.3701590428829107
7904,0.6184984917153612
2581,0.8518484057082104
1101,0.6655458881476902
4292,0.708535159686153
4439,0.7866448926702109
5897,0.8813450644945927
3783,0.7815525711592421
1010,0.7645899070200729
7715,0.6720361786331809
4054,0.8983000622644801
4197,0.6719556140133552
8473,0.7099419197685792
9078,0.6355832759427235
9952,0.8252509027727991
4499,0.8692641530839756
6373,0.8203754862309398
6509,0.7646140230690963
1870,0.8151456344309859
3539,0.8390977742867841
2302,0.7446537041764426
3763,0.4071136534020859
9229,0.9026226530427038
4443,0.6246974129025089
9695,0.9061812608717258
9297,0.8260715102404407
4842,0.7582360989986717
247,0.7255169200755828
2452,0.6662723407083945
5430,0.7905551856461752
1526,0.8595894496355392
9800,0.6433097290690264
6891,0.4183101035112884
8761,0.8582870625701867
6152,0.74423161839479
6526,0.7841121088983707
7513,0.7384290167855895
4202,0.409547863507472
7217,0.6096027300387921
1865,0.7915391679407041
9776,0.7330185088127821
9547,0.7534283109581711
9951,0.5230228439866921
2473,0.8045603191721432
1237,0.6185463497961472
2193,0.7455908131813404
257,0.7963603039383487
1837,0.6109377539219075
4901,0.9202471894045402
3682,0.6752858525413991
5503,0.615735539272106
4147,0.6200500661236162
9893,0.5599488166484982
8566,0.6409836226260309
1765,0.7847039186646141
5398,0.7833422572516731
4448,0.7314331863760373
7512,0.6830741007770021
7478,0.7361012452288102
8643,0.6264163704453972
1975,0.7636480351820395
6941,0.9011652263782928
8755,0.5919334361675607
706,0.7333359487879432
3800,0.8110079271368925
1561,0.8059464612635908
1887,0.7685727016625944
3510,0.8559792577329167
5207,0.764516803243006
5077,0.7792770766285706
9290,0.860604066708877
2231,0.328509867026932
4252,0.701286153796132
7495,0.6395966717271789
7180,0.8242841639319843
3327,0.623224194503022
6036,0.8366679624032508
1869,0.8870525472215954
2839,0.6505535886284813
6816,0.7946300106503451
8571,0.6773967342618668
3860,0.59607215502811
4407,0.8629059538522741
1138,0.7151105221795451
4831,0.7436262076314303
1090,0.6615157943156945
3559,0.28268023984142926
10083,0.8030408381868878
8948,0.7048678228388789
539,0.7947991868834728
944,0.6602202429469104
5831,0.7942469827669093
4296,0.7986501496799554
5103,0.5956500839683421
4497,0.7014435553648289
766,0.3838135120367152
5529,0.8538951202005439
9601,0.8599672919045518
3391,0.8293746200125703
7408,0.3978472794292851
8274,0.7386760065269304
7450,0.8023423699611062
8160,0.7842143182263944
4712,0.8145149560144466
5731,0.6410993818567502
8295,0.7413842063781814
2109,0.7827603216148118
4177,0.33748770928081645
2854,0.6906354390888728
3768,0.723015820795732
173,0.8045266434485757
5952,0.5062422742553213
1706,0.6876221568478541
3770,0.6206015410782664
6159,0.9292347771193633
5286,0.8110370326655977
5803,0.7449334190695218
7231,0.7181393244452244
3525,0.7812245723535977
7168,0.8062445855866432
9244,0.89473623497725
5138,0.8910164340188885
7736,0.7564065256316193
6911,0.8808918008925256
2824,0.8334112727888995
14,0.6539582674053536
6765,0.8293357166792065
9380,0.8549765417186039
7951,0.7784381944667257
5888,0.7221345075723274
5190,0.7812470478706525
4001,0.8208609607719572
9525,0.3938174815231708
4560,0.8025680598484447
565,0.7618743417248149
204,0.8434447676165472
838,0.7328056970676845
5133,0.8185821719161428
873,0.7977610694894444
4540,0.32092071790257903
7921,0.42234498652188684
6423,0.8286989992445241
5616,0.8171253605924788
1218,0.6763890689686605
2224,0.7663756324166048
2185,0.8315249463442947
9102,0.7339434652668301
9731,0.8033483432268925
7733,0.7876707895877892
5583,0.8248120403246171
3043,0.7936693779069336
7680,0.664765234404177
1679,0.8068635464730162
7068,0.5326546796716901
8671,0.7488585236879611
8407,0.7483197578006481
2372,0.6463351206164677
5484,0.3238899030519112
1798,0.3735163520798184
6518,0.8268992061895412
3842,0.6753634200167277
1163,0.7867334002641444
4329,0.5679835914544578
5068,0.8466963681135029
9892,0.7506688168374155
2501,0.8810237809949334
8214,0.7337211384127681
793,0.6186725636460907
4756,0.4148467956214827
9337,0.6901182108753633
9934,0.7597142776773018
4208,0.8653884407271494
630,0.8145662455651269
583,0.7682552710090738
7983,0.5705182847133262
6356,0.8830070630566214
8865,0.7990798909362646
6342,0.8374096155148102
10053,0.875738337395421
6055,0.7833763303373301
6807,0.719713282261654
5091,0.7646005575275004
6869,0.4203407075808707
6785,0.6825853886975368
4643,0.8275519710621896
1005,0.8495424870698215
5220,0.8021334671325642
8638,0.8580760005433702
10004,0.7509336306579549
4400,0.7311672587901491
3286,0.6782837385264883
2601,0.29110891077385465
6180,0.8498296042599723
1572,0.7662285372361417
8428,0.8133144245834939
6460,0.7763802496533577
3183,0.70614667594828
5650,0.8894255436257038
3000,0.4082949691896696
4321,0.6595019526455347
9372,0.7343572217927473
6230,0.7376692776411274
5387,0.6041830410373961
6626,0.8988450060225714
9472,0.6998974065403463
2164,0.8970492940261866
2223,0.789403239980183
7100,0.43294246555162025
6425,0.8211020025981122
2160,0.5833878070083421
504,0.6597958764354183
4334,0.7384682197327254
8973,0.7978533955081227
3039,0.7725390361526033
9617,0.8993862499225527
5058,0.9239798296514355
6308,0.788733223245591
5366,0.8785226591337344
9047,0.3018063494211994
5170,0.8229644211929389
1774,0.6606593986399508
362,0.785870957176883
8443,0.21589031699778186
3535,0.6467480351127493
6741,0.6407219112519161
8812,0.8325396089300751
9089,0.7260557537214519
4041,0.8385118354186126
867,0.6608822289276588
6960,0.6803657710256776
6448,0.8683617194367358
1552,0.5828059192206573
4188,0.21963127625858866
4924,0.8657212168052607
8625,0.7026276671391042
6420,0.7637107360925532
9467,0.7666233483482445
8854,0.8899358667107155
7304,0.8252207214400343
476,0.6895769883070585
6899,0.692429703674656
2767,0.8312565010010387
9708,0.6972528597281632
5881,0.46898725678940867
2046,0.7532711619415204
7572,0.7510904101138114
2260,0.7680985679466742
8808,0.7979196531184768
8452,0.5878235461143524
6017,0.9452191118155934
4727,0.8164403637862468
6650,0.6851862260595273
3627,0.7606613335607945
3656,0.7537730059565693
5329,0.756838606000933
2416,0.8547005943910552
8653,0.43856304605063795
9391,0.8296723241642775
639,0.7890717857946631
7678,0.7296067490703951
1189,0.5930271600492354
4740,0.8181911547162494
2370,0.653124785100792
7531,0.5612247289464333
2802,0.8777972730726561
2850,0.7355421600535276
5551,0.8056491763207078
6708,0.7339308004255743
9412,0.8056400268477123
5266,0.8027191435736895
6154,0.7172982003411169
33,0.6779161936277983
201,0.7729619217953139
6261,0.6455654842906102
2662,0.7686411767750303
8034,0.6459617463513818
2368,0.6476110805317625
6815,0.8679394190106269
7014,0.8497951653541471
8665,0.7672548227277769
154,0.8227303074371074
2378,0.4533248781796652
9104,0.8853020181652239
5556,0.6434577215099871
9983,0.7089245895579855
7297,0.7602389812270741
9899,0.6999010261998775
9272,0.7763236733238102
5563,0.8476651788536255
1089,0.6650142505355241
8845,0.4509125041564241
6126,0.15770698713718326
6339,0.7628695931020011
6992,0.9240368384107341
210,0.8346738329656169
6812,0.7284013419753662
7023,0.8507954531183256
3598,0.8482883471396634
2406,0.8249218351643378
1432,0.5855585782483873
3999,0.31634238100117523
7901,0.9050225864004627
6795,0.725141391027133
2171,0.6109674027952708
685,0.7619446170313281
5243,0.6307053883408766
636,0.8026795301584545
5505,0.7739915678861428
4775,0.8009388723533108
4145,0.8539887691998554
1525,0.7359092541023614
2463,0.713850218229182
803,0.8930178517618329
3036,0.7424613425620733
3786,0.8207430577773857
4488,0.799182357270049
2469,0.6319505472670998
4845,0.7875878616016077
6368,0.8145502727251083
6464,0.7577989803695213
3432,0.8169180480311627
4243,0.7490640610384581
8573,0.8323114896604529
7582,0.8715279962819346
9114,0.7304064560485202
8013,0.8622368475359389
2323,0.5406410948810781
7844,0.7429412908230697
2566,0.6872202087460532
5935,0.7846135957709214
6271,0.8586754796449015
1080,0.6584664686677592
9378,0.46652886816617195
4008,0.518900000030689
7084,0.8827690950727414
4610,0.7845605456861247
5554,0.6754719074096
1318,0.8140050953937196
7148,0.9065663237542801
5287,0.777900353549107
9527,0.3630493000396264
2599,0.7890605915046726
4550,0.6810221771533342
8864,0.8902501318296583
6333,0.8573985798919282
1434,0.7375059175021859
4850,0.8374437705335108
1245,0.7893618180850192
386,0.8807057107565935
8866,0.650200415767312
6963,0.7608313667472805
1267,0.7532738137153029
8926,0.8858783209844415
2720,0.810942143926359
8655,0.7663459570777635
6662,0.6815481350412388
2605,0.891223410160074
10029,0.7387837920466906
2846,0.7219197483374425
7629,0.8469269886654649
2005,0.7353248149119506
6236,0.8520095627260961
6411,0.7355727922019092
3143,0.7239010263440798
8773,0.8461143237077767
3231,0.8661418106210622
7087,0.8742889178021375
5596,0.6960387472023891
1190,0.8698595424210437
7548,0.7925210893439069
801,0.7552677021860891
9914,0.4498899953834819
7292,0.6802575630599357
7320,0.5484531091717312
1006,0.8815182576484774
4289,0.6539115615301286
8862,0.837121540132776
6555,0.836446343516941
2032,0.8043230640712812
4088,0.7910384012933488
2986,0.7719082616454536
1457,0.48236277700745495
7232,0.7339748435089791
2586,0.8574192150657313
1540,0.7175546373709448
7947,0.840469171149616
7036,0.9045742462566736
9332,0.7426827644962776
1814,0.7832374176522495
5008,0.282997998281394
9117,0.859686655865108
4286,0.6188149654912026
4674,0.5021983582392182
2897,0.7907462570894063
279,0.7541084392397551
6734,0.8905721808685797
1847,0.3926375704465766
1606,0.7044919014248819
6651,0.8139420288167033
4885,0.7230500321517747
5376,0.7205331400375216
4935,0.7117003059944969
6135,0.752307347157469
3020,0.3527534842263948
6897,0.7378060520007046
5667,0.8797931272109834
9615,0.8934403197190792
9950,0.7128984737012435
9948,0.726747157141893
7340,0.8194839518634062
7689,0.7878938259236974
595,0.8656270214701883
6100,0.31162168092346515
5000,0.8789316262953779
186,0.8312966057161933
6836,0.763607686382004
5477,0.8379686208489256
9185,0.9098841413837766
8929,0.7883236734619135
6321,0.9303630799537
1034,0.6405634764675472
894,0.8003454368923356
2120,0.5462551898502014
5007,0.7243818170406157
9752,0.5101109618169272
6399,0.3949300410499898
4376,0.7654638083390276
8213,0.7086130253469752
4948,0.7999371107409078
4508,0.6905684714927677
9751,0.7399921199879264
1773,0.6084561868902225
160,0.7877882205189506
697,0.925632479210445
5719,0.40759036052030134
9040,0.6647185786736667
4190,0.7925751464198921
4620,0.6928833777690805
6352,0.8437748182043983
8637,0.5768676681695244
8110,0.7911921352315271
9044,0.6986306528852887
9831,0.8079843671720183
2823,0.7665069819930498
3610,0.6325206374545201
2222,0.8084961058882293
1864,0.7043187262541776
5510,0.4145998557028616
8317,0.8258164354375886
7480,0.7110104531414074
1015,0.8926809225395895
3343,0.7282916717913434
8063,0.47501601178344854
3814,0.7263823878520835
5816,0.7313133729302052
6196,0.8990685939640587
252,0.8385182142116108
2723,0.7477430028697509
2094,0.6967718970648432
1965,0.38648046667919106
5285,0.7902028377896815
8307,0.7423772522917763
6340,0.8927373720332449
7963,0.712167138792463
5700,0.8301410834347888
5799,0.7773297412533805
7684,0.756380980684785
2107,0.6888259816197709
8326,0.8670625007497228
609,0.8588834275686241
1716,0.8560409453446619
5592,0.8569676020987674
5239,0.785605297878838
5576,0.7396997183961309
3316,0.7537288153709302
180,0.7975910576432187
6009,0.9086258983904592
3365,0.8336235355935138
2558,0.8486311778898575
5746,0.7174956818088841
3832,0.6197580417600969
9567,0.4882008838499429
5737,0.8133684243344534
5955,0.7669408957683462
111,0.8832979698115674
95,0.4902658815216798
277,0.6927588800932796
4574,0.8814545418821509
1769,0.8021848286232168
7829,0.8815235665248258
3338,0.5714533481171176
4436,0.5868446161445816
228,0.6626284674295572
1358,0.8947212949806139
7227,0.8146790551503548
7671,0.7196950860973038
6069,0.8249534506008742
9228,0.6537170978099761
7999,0.6358116958567147
678,0.7286688771335452
3856,0.8515907723004884
7931,0.7332691796648657
4660,0.8407818077669297
8258,0.28025409696899506
1210,0.45333650326116093
8840,0.6124290894669139
473,0.6372746263638565
3420,0.5244067925110968
9957,0.8450556653836131
2369,0.6971543943847078
8038,0.8449928377999593
3978,0.8332495018041731
3272,0.6066626688108602
5687,0.7278888314763682
1311,0.5900660065058809
3816,0.7590118903314501
2816,0.7115553124158746
3299,0.48671288521763784
3608,0.8990130128254648
7246,0.5652340942749867
2503,0.5581864409791646
352,0.5783814028268678
9366,0.6612851857045255
1983,0.8332009127671473
9083,0.7773517572376617
9007,0.8887769845833815
9653,0.5794002701934348
2399,0.9005098524351864
2401,0.7576416535337612
2143,0.8226270823185727
489,0.8520261848415288
4689,0.6364898926407426
2882,0.4391756186987002
3709,0.7818224523095441
7672,0.7453351803061755
9908,0.680100775398901
1542,0.7827861553369337
344,0.8119357156660731
9255,0.48073781947021993
2038,0.40392683882206293
8722,0.7940812555451323
2842,0.38348716160849716
3833,0.7578554091435455
9641,0.7805301584814145
9135,0.8561804560136329
6562,0.8534011933888223
9443,0.842855066239288
2216,0.7770991993903801
4278,0.3713239783128017
9545,0.7299629389707684
5858,0.8278139583099219
8383,0.8036856383166299
3167,0.8291280771730188
500,0.8408071836164915
2562,0.5262672944137343
6195,0.8434114458364329
7451,0.777574955705615
9112,0.7195899579608688
8095,0.7196218210261615
9924,0.8078594514967862
633,0.7361792614788821
1827,0.8164432651279113
8582,0.7776512229851429
3464,0.7417861789801018
2776,0.8089206184695308
1366,0.8117568917428835
7477,0.8411818444708188
2072,0.663183541199999
2456,0.8101646076372265
1707,0.8246296361367315
7247,0.7699400645376491
8125,0.7960619886797861
5078,0.688308667772089
9672,0.5153284312378908
2514,0.3420373830980032
9889,0.7564377967191523
5418,0.5208404168215459
1329,0.8124578811462152
545,0.7271738946314316
9846,0.6790630228539704
1052,0.8882117738653322
6125,0.8216301983288291
2711,0.8459585437828462
8986,0.690739479407263
357,0.8203574234819446
5219,0.7694835962203136
5065,0.7387614537938617
4405,0.7115545956108926
4474,0.8453660320864137
5182,0.8027129269194019
5545,0.7595935126487251
7839,0.6429360468865805
2775,0.565593169640124
7743,0.7401740518634075
79,0.8874537821281846
3977,0.5836268524534622
2137,0.9334050965469189
3754,0.6499642236585249
8942,0.7383037565700556
4523,0.44469350509801303
4962,0.47893010739532754
466,0.6171410352936166
8253,0.7989982240982468
3633,0.26664775794518975
8885,0.4514416857150338
467,0.9242610799034567
9233,0.7280949673443562
797,0.660620245764234
1478,0.8482151989449074
8153,0.6945905617269265
6789,0.8262525275761545
7674,0.370460345812156
1198,0.7406470861872388
5485,0.709886462147959
4300,0.7801246960403537
5147,0.4659686756564458
8028,0.7180731838069976
8484,0.7441227967569276
2650,0.8453926643862824
9216,0.5112313951298207
1527,0.7933553199438279
6218,0.8793560959833057
9338,0.8135550862327668
6245,0.8613892998753819
4489,0.9240353610610366
5373,0.759299347824705
3621,0.8235519762274293
1424,0.8106471574173884
3280,0.8149477348177548
2467,0.6164988299542215
9573,0.7552214335003224
5547,0.8521735439605806
1982,0.713576936737085
229,0.7204189447420601
7062,0.860112742034631
671,0.8294520360189024
4677,0.5934822542796021
6143,0.757370594595533
3735,0.6494892855438453
1904,0.8342238858139132
3470,0.8307473484172555
2546,0.7604309922915378
6181,0.8470075326781418
7910,0.7028647192549888
4302,0.6888650537300686
7376,0.7828168787321911
5679,0.8913940317900084
1043,0.7986209067194889
3245,0.9148154828603131
3252,0.7717162720869938
2929,0.6539632405011792
5891,0.8580796123315221
9612,0.6495590743586285
5621,0.8585249185664581
5187,0.7786852963904609
5123,0.8464770326919648
5978,0.8673194294262093
8033,0.8429253350603639
2188,0.65942841955362
2916,0.7695829095296093
1602,0.882530468830689
5111,0.741927181740126
6438,0.8004281553980558
42,0.8636349595546174
7449,0.870161972520252
8950,0.7374538962390463
5277,0.8798119543816522
8602,0.7908553401379113
35,0.7403882004554497
5974,0.7876446284105915
6597,0.41705262542650434
3976,0.7177105211150713
5905,0.4224285846061509
3015,0.8557410255320953
5397,0.7410008586887956
1517,0.6607886151505181
2764,0.7261277847831207
9585,0.8987870562965817
2909,0.846849911933484
1221,0.771321511900406
530,0.8193571826283454
5116,0.7885146033806768
4774,0.7448120877540018
7318,0.799487076831762
6462,0.564277716423284
6380,0.7094392641774004
6332,0.7760438856615456
7110,0.8683470077754197
9600,0.5889831340703303
7986,0.6520724679731851
3972,0.6059285884859592
6107,0.8796129315299049
2142,0.7869449084844554
1159,0.6084232852650034
5454,0.8583198879165876
1243,0.8348650668654679
8677,0.6408207194578325
2113,0.8640493033292581
6284,0.7382664569828553
5221,0.5580031220638778
5296,0.8533290487712035
3695,0.5557602907038445
8394,0.786744521741987
7558,0.60192831701679
9853,0.6813616241630474
3817,0.7470002861928053
9955,0.7681682587611793
2592,0.6355369816978328
6922,0.6047640615468918
5709,0.8026688516589209
8741,0.4651421378278928
5474,0.8055202479532282
4633,0.5830738284128335
4487,0.6246805808341237
1481,0.8224411051436117
4340,0.5169592910863388
8756,0.728038724503944
4764,0.8741671003280502
3467,0.7081551902225728
6737,0.6978619941221273
9888,0.8244490365700546
1062,0.6465597421611399
4351,0.7399304743762651
6680,0.6772506088345484
9844,0.7673164097942005
3328,0.4538785611335403
1496,0.6274971633864773
9555,0.7765317070714733
8171,0.7772294404147165
371,0.8759268603257276
1669,0.787883837319365
1506,0.6363403758268437
8511,0.5064232685421987
3755,0.714751916692526
1326,0.7512599244641255
1684,0.843673957970234
5707,0.6497572442702954
4927,0.3961925488995839
4341,0.4448196578885594
9012,0.7399868314983173
1920,0.5007699290656319
3332,0.818064971342254
8688,0.7683962890225463
7831,0.7764045929661383
5351,0.8123637578992758
857,0.46774143953515285
7638,0.8394276606491774
9812,0.819256565638741
4573,0.6149558646041807
2081,0.8036474634403952
1251,0.7862136946543806
7604,0.86510688837574
7161,0.736597692932557
9091,0.8826145000795019
8780,0.8203563850739862
3400,0.40727963036797915
7889,0.27152058187691946
5548,0.7645626455424989
8709,0.7357052695711653
9270,0.8498172735933545
870,0.8299840533173782
5511,0.8032874279449559
943,0.7438049459118354
1294,0.6585726483816564
9006,0.7564817268239835
393,0.517104647740747
7594,0.7847836802577874
822,0.7344133095611246
798,0.8260538802313571
3202,0.8238009336767202
1546,0.6613138425299211
2471,0.758497069592524
5762,0.6830160098856611
5895,0.8403454005913537
3290,0.49181019375436863
2622,0.6811594346502176
6748,0.6880111038920912
574,0.7936393378584913
732,0.8066616355325573
5380,0.721680923460065
6944,0.6120846409191293
2903,0.7479138168769421
1596,0.7393976508568235
8462,0.8733441780802607
6389,0.8354558236524107
11,0.7894327938437655
9458,0.8140394484849649
6384,0.2767112435117652
2539,0.684952344859668
2115,0.7680372354416595
2712,0.7716458093521897
9859,0.7329620036114385
7088,0.8085364657698406
1567,0.8899554513216503
6238,0.48785797040256895
2367,0.780462951829147
114,0.7669329800197372
6336,0.767856857429884
269,0.7902872371785751
3899,0.80507726352907
5774,0.8285102141701343
5181,0.7133795426742044
3620,0.7978225068782575
9388,0.7795650775840802
8550,0.7545025512744594
5357,0.7964376436601062
7377,0.8447479617298242
8097,0.7972528617141786
67,0.6729849328088688
1139,0.7922817344193844
3867,0.8660854966669923
5937,0.7265303575194609
6773,0.27011566510921653
5270,0.5533628615347038
3225,0.7796461362096113
5446,0.6467574253885123
3395,0.8899645452662446
4060,0.9041438588342218
3176,0.7442641936130926
8435,0.6313188652487826
7843,0.707004408010063
8144,0.8147500311560173
1846,0.8452299379208998
1966,0.8343827837613517
7397,0.773124722863218
8424,0.7316844420064966
1495,0.8034815171199629
4563,0.6956606400882516
9902,0.4019512313418074
3948,0.8106095861484661
3304,0.8171073966248082
6954,0.8198351535401663
8995,0.8738934018290575
4934,0.8213995813229995
245,0.8151922954650924
518,0.8196783902557508
3975,0.7200138108625288
1977,0.7057964571363001
7260,0.8754576789296138
5523,0.7691726365825534
7722,0.5226129679732104
7765,0.8976341956266792
5252,0.7193226652820366
7682,0.7257900201299332
9785,0.9017984498126586
6194,0.6856391680598816
9261,0.812752652138832
7656,0.8414391789803283
3071,0.8530266829803322
2852,0.42004104611560517
2148,0.8713660815523623
4653,0.8387726463407904
677,0.8136436352479643
2885,0.8065705084164986
5823,0.7246148585277129
4591,0.7644443485293654
5302,0.7422475610555676
3697,0.8308475416105908
811,0.6765430597356602
8238,0.8164694498875195
6804,0.7134522049558588
3446,0.6843080109199287
9359,0.8085382909444693
703,0.8989060946124816
3862,0.4538554956114673
3752,0.6212415381820507
3958,0.8288822564138035
9274,0.8859177254299272
2102,0.561625507772126
5874,0.7965004492823547
4277,0.7933434945255238
6145,0.8025160730221951
501,0.7929419649639851
9750,0.9094695876360425
7960,0.8377718560448697
5409,0.8202073168761127
4162,0.6443133931936375
2129,0.5705682553008247
10052,0.780005234735979
571,0.6812255798731092
8358,0.6550532768523973
3761,0.722956634148232
885,0.766920652273718
7034,0.8387080509372566
9686,0.6186614530527107
8322,0.6729366457423773
7757,0.5071202423780871
8696,0.7814964619924908
1665,0.7273406788590684
9992,0.830691970276073
8843,0.7745143568524719
4071,0.8857200090816181
6311,0.8883337329400528
9777,0.8124093552784742
5080,0.5477800250823064
6391,0.8034133765111688
7447,0.6531802299588575
5018,0.7332265477478407
8967,0.8013344581582853
7010,0.6309565733622734
8035,0.8888288212573269
3223,0.7897388471179415
4396,0.7713295845424737
9038,0.7251055372923242
4469,0.7203162240884952
4261,0.778091923241211
2876,0.8106865258714443
6887,0.8561629323627207
4817,0.6766890088375858
9634,0.8537716257554551
6366,0.7105426062127869
4654,0.7428982565950156
1172,0.3753963927375448
7600,0.7600098365648194
2631,0.776755056532997
670,0.8065510008318494
446,0.8441131186960065
8187,0.7546215799893398
9696,0.7803660830775959
4855,0.8172735426964671
7732,0.6089167111903991
1839,0.38137495012217704
94,0.774685112744876
4322,0.6711038088389388
483,0.6207772881660069
8074,0.8209531871077509
2478,0.8947743278692908
9644,0.5116370211138538
2276,0.8090427444913679
3630,0.8081205675441053
3169,0.6401557626325456
3224,0.7130913550888359
3813,0.7327443553422146
5218,0.517943132598122
8244,0.7488714310131273
9569,0.8702062086636353
4603,0.7464429239343408
5727,0.4109113515431955
6020,0.7267782801355333
1305,0.7792574572211509
5478,0.7277097074585783
7494,0.5757580499211189
5798,0.8766468987518709
9170,0.7243543961713823
5964,0.7810820859945413
5812,0.6503446410933243
9127,0.7659984573460834
10048,0.7534213816615605
8208,0.8469260025592322
5236,0.7600321461020599
8887,0.6544419032947586
7685,0.9085381041893449
1991,0.7657432411025423
1479,0.8688819741031759
940,0.786685745059161
2016,0.8135152007218678
9564,0.6578151360298766
9824,0.8534623706181316
445,0.737550722231342
7485,0.7116455888904553
2303,0.8384672065136133
2604,0.7283534958894133
3625,0.6693281139314471
9434,0.8864039673726248
3914,0.8141396895567269
9697,0.6886208097702635
6375,0.8602433059922547
4718,0.7722652132724334
3310,0.7852618927774911
1013,0.49197726292359406
4230,0.7933533820593871
3208,0.6117012815053037
6770,0.7590351588107879
1806,0.8612396878274237
2166,0.8480146861169523
9746,0.6953962656138334
6801,0.7308810962474128
6132,0.74041155699218
6345,0.9023399417571095
10073,0.798347684271178
5274,0.7330041412451079
7878,0.8545648757648734
9236,0.8494298364950756
9246,0.7265249424912018
8340,0.9052154306667847
4943,0.8766951504905429
3943,0.6229589788209472
4688,0.23781464991734355
3325,0.8576058369523044
8405,0.8085698658925556
2458,0.8150359969713709
7636,0.8681519426025872
2170,0.7787050932899261
5541,0.568174487476384
3253,0.819406122214648
8819,0.40697227752521564
7553,0.7603249390943657
2179,0.7086717763200557
6307,0.6657115562784828
860,0.6936145519220913
7115,0.9475080588634585
5230,0.8297193611555403
5939,0.6361999076340025
301,0.7533678612377499
3023,0.5243234309740326
4033,0.818822808275443
4029,0.5588119430283328
2792,0.6979656920189559
4994,0.8188202587906727
4391,0.5922788069717057
9218,0.6304581245558271
146,0.7657307717551295
4392,0.8443605884979603
1023,0.8226590224698281
3069,0.7336607727119784
9303,0.7699835051901595
2479,0.8636587543825648
342,0.6778950012427784
7117,0.6653999968928027
8525,0.8250673104496995
3233,0.49746928752393266
8135,0.7056365113071074
6077,0.8129355651143042
1539,0.8755026715149228
4336,0.29449012781123646
3927,0.5020672383175452
4970,0.8688267019689785
375,0.8011507341875618
3186,0.8329915009267204
5194,0.8491075047358462
4776,0.3989073698170405
7409,0.7978349598602396
4290,0.5370176811821671
7076,0.7223186498540634
3540,0.7180195496794436
7276,0.8939443469239531
6768,0.7135358467047593
7070,0.8449712437495315
7619,0.74446740787213
757,0.7669445802840004
854,0.9336025907876686
7516,0.8616656721915295
8656,0.6807233173816748
8691,0.8289477449660586
3730,0.8172360673030221
4998,0.6176284327310921
8694,0.5659806732290876
4544,0.7589446080387029
5751,0.33591640416111757
6162,0.8309012087614217
5195,0.6772789805149682
5337,0.7381338296895977
4662,0.7495077252899628
9969,0.8624964839452142
2168,0.6978269106066471
7139,0.8187113809866643
6314,0.6680193791172622
963,0.8834549668995151
129,0.6670792794267175
468,0.8350062596043765
8231,0.700200333427452
8908,0.8047795775698088
4025,0.9156129966903811
7026,0.7752650163113955
2366,0.686936028243014
1777,0.6802208468301575
9149,0.8161219248636792
6168,0.8002910108804446
9221,0.6968020460642942
6392,0.7727621544434964
8697,0.8085420983128988
6378,0.6710073283090882
7172,0.741850868347584
3045,0.7013481855420428
7134,0.7734613638971495
5048,0.8257168156980953
8118,0.4380118447914563
6828,0.8528121595247985
7498,0.7306098930304632
7491,0.7601923620533948
8878,0.7374524905721628
6974,0.8673035887919114
4986,0.8549235343351332
6763,0.42364440003444304
2144,0.7650437018459778
3917,0.850394632517517
7136,0.9090491204295769
840,0.6596846814722525
7761,0.8228360423298776
6113,0.820681095984119
9300,0.8691491235956063
8710,0.8328316922031087
3349,0.8005630152444704
6865,0.6808654842424203
7268,0.8009900865750113
6893,0.6306684382258869
5060,0.8384988654988015
4932,0.6763471263885097
7603,0.7545978502476721
9009,0.8690484891883868
8502,0.8134225957700186
8886,0.774313754909789
9918,0.7582529192364958
9618,0.7554457158889388
5335,0.668376783754114
8377,0.8565483598219013
8797,0.7614330068130258
6751,0.7842353271265236
4450,0.7668893272607895
1085,0.8110254159372009
2457,0.8116967192073781
9027,0.5745637975973835
3192,0.7323876529207242
4858,0.7646049880861551
55,0.787473056113987
5379,0.5695502403034934
3450,0.7066299914936917
2220,0.8337109553310759
6668,0.6819379359540281
9186,0.7138918098374374
3515,0.8028197874492516
6692,0.7688406958299256
5607,0.7760550862962189
5331,0.5134043106080761
8618,0.4882232953309571
1537,0.800602992525039
5984,0.8290180306102259
4611,0.6279803049451304
4249,0.766790287476982
6740,0.8432423138067767
3309,0.8414106486056231
3065,0.7372235367076571
1550,0.8752259332163993
262,0.85301476464815
7515,0.722406040172758
2071,0.6157431909346666
8092,0.8503564002332512
5877,0.5977808593659081
6627,0.8129830649176188
8286,0.6598911566890352
9972,0.7664772963573093
8486,0.7572813525557865
2736,0.7757401383951289
3264,0.7049263649409655
7695,0.794448196557076
8935,0.7148362973200998
511,0.8744544100459367
7539,0.7821553558261578
3638,0.529479703036314
8987,0.6176270322343123
9016,0.43462476718173465
7537,0.7892432540505986
4458,0.852773308934342
5467,0.5008968959137856
7042,0.7961095978255955
4020,0.7151569517386096
8852,0.8091963348153554
8122,0.8251993091332189
9039,0.7885505873460774
2434,0.8448409699608638
2519,0.5660768869260545
1930,0.5659086109132169
9606,0.7451476284552222
2649,0.8208973613884404
4649,0.6479789795381597
8205,0.6867220807851075
2273,0.6042931783350349
310,0.4819297195127186
7776,0.7672975288083368
2464,0.7228739855280198
1317,0.8285239677603058
1620,0.7498220691553157
46,0.8510161467687144
6259,0.9120285286612343
7242,0.8681302913511066
3771,0.6540999295018357
6266,0.8445884777603134
3463,0.7693358029542274
4950,0.678854180388056
5196,0.6369375719000004
10066,0.7393985468512413
6648,0.7076648271061713
1019,0.8020622532572234
4864,0.5585975953810945
7507,0.8532881519467049
6786,0.7938371046952084
2579,0.7627377796851532
6493,0.6386654235761267
5053,0.4816175221402385
4206,0.580504184163327
5514,0.7893930208153971
9172,0.8800191059033561
5957,0.8440983605625184
3829,0.830661894454947
221,0.8180734617112052
2314,0.8325994268923081
1758,0.3114600910583462
5766,0.5423493378383969
5980,0.7370706951114201
7609,0.7173819832788371
728,0.7147161410976998
7774,0.7832930121419728
5909,0.7681766315773265
5490,0.8295542033496394
8724,0.9295489169285531
198,0.8585696917946771
7858,0.46737656367469466
1348,0.8791534900332088
5088,0.6043391142044884
2510,0.4136678242296967
6564,0.3556385669043432
5014,0.875594581248214
7048,0.7331914982324891
2957,0.8549278983228165
3029,0.763960825880527
2065,0.2452889619065234
2974,0.7114043792581329
1871,0.1682989249439133
3190,0.8070404843948568
9882,0.6834021995372276
4954,0.734243773807583
318,0.8061606930970883
3364,0.5884957729336939
6546,0.6082487683796036
7801,0.7754782668604085
4481,0.7066065824644568
1178,0.5948139049287362
6200,0.29517377380497756
6752,0.5752180539969297
2961,0.6314240856935279
7804,0.7816676114776516
9827,0.8352916503202875
3163,0.6598756605154299
4996,0.7238864557496122
2735,0.5359504748265645
86,0.8348184386853926
3136,0.8070448665765794
8223,0.813137390222026
2329,0.8353210070249123
5072,0.8035222600678721
3480,0.4875859831232419
9247,0.6771011937588812
4713,0.7693583607347073
5232,0.8782203058577385
2814,0.6230737320689381
6841,0.7718332734179354
673,0.5378461711711297
3601,0.8065261312805672
5619,0.820542731225042
2695,0.8830015114234637
1763,0.7315819040543127
3366,0.7844664371125064
2549,0.8821383859588895
596,0.7208295344750132
7729,0.5752694665503554
3520,0.8471523405081377
1472,0.8215321182059587
1370,0.8116367204023526
9069,0.7336757430459961
5355,0.8159249535372722
8675,0.713131115134212
9943,0.7402096747978425
200,0.7725430141522477
6624,0.8933815514217708
1644,0.6423459213377656
1098,0.605669941386126
4844,0.7092429867825922
8091,0.4810535373328903
8103,0.798593391746639
10102,0.7913012687462784
808,0.8788969454118613
2955,0.7242224627192885
9875,0.47170363603844706
5686,0.8159189648615887
4979,0.6632559383840492
10041,0.8658706275687594
8401,0.41659130849237086
4680,0.854881616939442
3080,0.7776328632328279
8247,0.7351807658339808
4843,0.7677471086381997
216,0.619187833378774
6334,0.8605194334917502
3871,0.7507529709077901
615,0.6958884143106685
5136,0.9021893495637165
2447,0.61354429190657
9704,0.6693910581226508
4972,0.9234681063547793
5764,0.7564961665933688
3799,0.6735889728670296
8337,0.7542122739546717
9234,0.8349207680624645
7799,0.6098858266167921
5224,0.642170822401608
3582,0.7821569558128493
2705,0.7615480574726168
9989,0.7147637012295848
9735,0.6984213575203763
9574,0.8015972115714204
9749,0.8611201301215141
9289,0.8382138364027862
9930,0.7525369077922459
163,0.7429590935255775
7737,0.7651466321606147
5374,0.6764362140476705
3156,0.9035289321066674
2634,0.7316434343897399
8237,0.7498933878486413
8271,0.7930598876558163
3702,0.6448540836324006
4424,0.7137409248007601
5431,0.7016154528138031
550,0.9415457199010125
965,0.7906853621403965
2809,0.810282959548
6530,0.8700013770455169
5283,0.7128795667510109
6381,0.8546031668601932
443,0.8795459185242743
4720,0.7201931087909346
10115,0.6694904635127042
8687,0.7870759640240284
5177,0.8471590958521708
2337,0.7602234428572462
164,0.8414641088433119
7653,0.6026274794185925
5850,0.8865375906884619
9491,0.8770004433582135
2925,0.7589374826715028
3988,0.6986085557262228
7718,0.6055469706034298
332,0.6619702181979386
2078,0.8701868983802492
7654,0.6864428799655328
7868,0.7468424251384685
880,0.8861569788948632
8553,0.7694754720305098
759,0.7512505092423695
9030,0.79249882944203
3895,0.784825064341403
9433,0.6782686405783953
1491,0.7262840403760804
5338,0.774720577365756
3008,0.6244590774531635
7331,0.586911860052115
4059,0.7882994480033708
3352,0.4727300689503609
7593,0.7568311333048071
6246,0.6603922196417938
8109,0.8109976139101319
3667,0.7317474550589584
1702,0.606770783490063
6832,0.8920474178786253
10107,0.8642234180545444
3693,0.7072330315362364
627,0.7042195937436645
513,0.7607667362457611
8619,0.7604426969325325
7764,0.682959571258746
9192,0.4997615206835821
812,0.6572255114281138
2727,0.7159429702097372
6079,0.8793494826848574
7202,0.7029476910687621
8391,0.6515785356046231
4580,0.7863914379155913
9921,0.8519518674851249
1074,0.6964025119556349
971,0.6008094435924753
557,0.7653565385792604
5673,0.9281556716093671
9160,0.39958997934165064
8746,0.7589120774720771
5110,0.9104788041862668
9191,0.7216684800749656
834,0.7376040772359852
4786,0.7963088115998526
298,0.7341895479808528
7566,0.5843301990845656
2285,0.8342848393017707
9071,0.6660024181688171
1604,0.6701600042024024
8190,0.34524656018490624
8883,0.7744619337483516
7911,0.6975380183804306
7876,0.7934237855999989
9953,0.9356241154493056
2917,0.5089601999594899
5291,0.8874215315151607
5109,0.7167228002880108
3769,0.6252759295646718
8211,0.5677926598575785
4770,0.9305232605463104
3207,0.5855879584493778
2637,0.8736107665330377
1262,0.780732828652506
1258,0.7178782377565905
4819,0.7771146363201714
8256,0.8530643407763363
5326,0.9012895120300773
6064,0.6029765094793146
4262,0.788950490185372
5203,0.7871371936563732
7182,0.6501019886837575
5581,0.7089406087552966
6476,0.712903090848998
2594,0.7943952859131249
9226,0.2766822138995896
824,0.8286957023072322
7201,0.5222283663334727
776,0.8031102354300161
2600,0.8323574763929308
978,0.2573331041290421
2121,0.41225648785636865
238,0.7926978373604795
4899,0.8818072667380124
2881,0.7418659156942278
465,0.6558183888624046
6084,0.762294492982918
9324,0.6396831173831515
9646,0.8186398091067907
2543,0.6131335360342198
178,0.8237953256072483
9173,0.7844003298864793
4365,0.7469791622529183
8367,0.8649111046189573
3114,0.7903167721088175
8535,0.7031119291568775
1490,0.7818982533139082
4431,0.6714579105416772
5755,0.7135153932158306
9959,0.6697505193754162
7415,0.6881244802981418
1255,0.8271032263945455
734,0.4203123703551091
5997,0.7965740843809249
9168,0.6747287014479176
7748,0.8583446392439896
9386,0.884163790830384
1148,0.767760692526441
769,0.6769166490382412
2718,0.8993782103196164
2301,0.6399366542029012
6172,0.6104127848215987
1476,0.7576473435497962
1929,0.7376599185600078
1884,0.8106834798433802
859,0.7948680600586758
779,0.5947288878771303
936,0.6981177340684616
3436,0.6593355155443729
5880,0.6272412522626519
8748,0.4693625113226141
9510,0.7742121220319506
3095,0.4909822307712419
8626,0.2929956011339225
4531,0.7971141687138211
7424,0.8434679912958306
3447,0.8509296093332056
10009,0.8159654014501506
6224,0.6385974833066524
2664,0.7743649928133554
8915,0.8204238340129887
6885,0.8210787367689378
5747,0.7511247550297983
3411,0.7475454870401274
379,0.5631309879342623
2437,0.8186905158935409
9947,0.7945225232590412
6124,0.775176964118898
6875,0.766149171316676
2570,0.8488986569454058
5069,0.714249241017947
4522,0.7455006156318172
5027,0.7974907073790086
8628,0.7366151438310652
360,0.5973730478580771
25,0.86757176895958
4073,0.8142763835207777
6163,0.7652410852207111
3348,0.8986227074180143
3885,0.7082356297104466
8478,0.6488856646632007
8533,0.9270722331148998
6033,0.8372555438481454
8939,0.8737693213026695
9209,0.6870732359038816
2714,0.7216139794112354
2632,0.529955417090163
6781,0.8195863799749699
8507,0.7039821602030282
7392,0.740330440072903
2673,0.7274495358781605
4692,0.47827152986806
6579,0.7654622882220927
391,0.8769260210815811
6031,0.8345668619078319
7150,0.5669270930457464
2841,0.8445789667156732
5040,0.7354252750691058
2926,0.8083397248244862
9116,0.8141052921265738
3879,0.6528894917620892
7358,0.8885516701878139
1882,0.7185378552014484
8006,0.7121078508174895
5173,0.7488320162754526
3795,0.7853625391280886
2939,0.7120583567252082
4627,0.5707897838459045
5118,0.5935273720111324
9710,0.7400198545881199
2728,0.3308228904678285
3347,0.8659034875424562
6702,0.808229935172172
3886,0.7662907221851905
2334,0.3585608367106639
3524,0.7381281545042672
9531,0.7681720094455748
8195,0.846427946600525
1676,0.8881593099779325
3675,0.8643260291388525
5403,0.7424475704509108
6328,0.7098536612691677
6977,0.7774200259432464
2987,0.4963802551332051
6774,0.848460880662976
5025,0.8252999072349058
2639,0.6811798656883248
4906,0.8216763986631097
177,0.8135528201601296
8934,0.9049723307687997
1306,0.7493082965058963
3235,0.8778843639949908
5151,0.8113578512473532
6467,0.7843482509570947
6313,0.833165252283488
6418,0.7754170404840117
189,0.8300649911565969
8816,0.7562576494997734
9110,0.6043124821360983
6258,0.6217272451346335
1603,0.7700117232482806
7510,0.820833216129991
5780,0.8647579707122643
4483,0.7021687538595174
8664,0.6060641095416076
4804,0.8302830305439167
1677,0.7878819142469106
5495,0.8566072652435448
1819,0.7843679777784679
9147,0.40029138382591517
5694,0.7213663926382597
2900,0.7374398605401442
9150,0.5818188865041654
8440,0.683282571125393
77,0.8159150010053501
1448,0.3651735307642244
2893,0.6917298072451881
8297,0.7927666338008623
7924,0.8465519572469692
6834,0.7104922904156913
9781,0.7094252572178842
2652,0.6918027190385523
9418,0.7589859919508838
3154,0.4832479828009792
580,0.583704317476066
6909,0.7591139238411572
8039,0.8824568041891417
6131,0.3380438515569985
8159,0.7444723318457139
6525,0.8575586374270516
911,0.8022103620835731
7174,0.8621204911678074
3834,0.5558991938413534
5096,0.8005456117789572
3614,0.7077698965455234
9094,0.5680648836693019
3291,0.8022551630345464
7667,0.870812877937723
5473,0.7966548962781744
4083,0.5559943076302315
7045,0.7075066946589428
5644,0.8485534721421795
3089,0.392560847930102
4297,0.4805090161429287
886,0.7425674658607564
4012,0.8991307543794241
9865,0.7378730167151081
8193,0.4487637072305819
4961,0.7674629408573678
604,0.6717929304981807
5408,0.6254706402903826
4517,0.5487238372723636
158,0.7928206592945831
8961,0.8513997970868356
4687,0.7787600463295613
1549,0.6597413043752229
8609,0.7772454965305852
6123,0.6786620483165384
1733,0.38217166177065814
6360,0.8549770476496753
3528,0.5068994196142113
895,0.5471344979923715
8822,0.8030049664507617
2988,0.8636160809696348
7848,0.7743675838245552
227,0.657760698830287
7642,0.7996479941092866
2356,0.7696795260085266
3993,0.8951447237726399
1988,0.8241637973576043
2392,0.8250887755613293
6978,0.8165905312139253
1544,0.8110667382062937
7430,0.8469990142390347
8695,0.6390141866283917
3433,0.7646228225348025
9002,0.5959771877543993
7754,0.7859059696327012
3128,0.7885518842542386
6465,0.7425065809370862
3284,0.8656714640972026
2333,0.8991939433157298
7826,0.8136935390655079
5705,0.4098936317250191
4811,0.6999247798584934
3502,0.6536770334805079
4880,0.7315145717586425
6601,0.8537906695835323
7544,0.6932750120752939
4628,0.32985861241489794
4989,0.664290843171296
2730,0.6985867659165291
8048,0.7170777251215296
1660,0.8169250949800361
698,0.3676121051066663
2066,0.8785881025887105
251,0.8111819648271208
3827,0.7024216120229716
8425,0.7740850644946682
9595,0.670548227253469
2173,0.7600573818210835
3611,0.813598655180536
9712,0.87180058146877
6078,0.826706405453084
2734,0.9067149169728103
9571,0.6828330640185594
4412,0.5006690401183412
6726,0.4507046243539701
2741,0.7790445113774337
57,0.7976587622906267
2531,0.7298423140978244
9346,0.7300821380110755
10047,0.7075762715557002
8355,0.7059711440222944
1349,0.8017834632190016
9339,0.8040711289740902
3907,0.6317760916234073
10006,0.8167117202728722
4256,0.8246788860899872
10117,0.686721539074501
2454,0.5034844482102611
1754,0.7485919400738165
3042,0.6155825709639439
6709,0.8939825181406742
5200,0.6326864912424282
3260,0.573858961796123
4465,0.9053623715040521
2703,0.8773583795534862
464,0.7975539138394742
750,0.8424194033175355
672,0.8250141368937959
9671,0.7209063904123671
2004,0.7882623273615343
8720,0.7947321718133011
6442,0.7125169029225686
6904,0.7242105036502764
6739,0.6504857498376695
3632,0.8865159704705379
6385,0.61338212705983
3213,0.8191788138070463
3004,0.6660647437969064
1743,0.8285768598226005
9141,0.7786611605282822
1994,0.5230855106193578
290,0.7234673023915296
3152,0.7109507977843478
8662,0.5826192422493298
2326,0.8094162076831677
4670,0.910456849567144
5086,0.6189877368346443
2729,0.7914521479619231
3823,0.7987338809402885
5843,0.8497157418301763
5020,0.7421322945731782
5093,0.7882199827093223
1963,0.7865954696295946
4647,0.43614270854512
5924,0.8047186921053008
5683,0.8137246052473138
3385,0.5675143842815266
3660,0.8746298327879986
1724,0.6608572128437641
7917,0.8672216215652789
3570,0.7390563858671854
7879,0.7722414067934812
1192,0.6203567311751148
8008,0.7814989516069849
3399,0.7220242738124059
3628,0.7927937221700206
782,0.5581092568514037
8944,0.8316319786267278
1049,0.3522642355987944
8088,0.7587957329500963
5682,0.41127566527652865
4113,0.5842811056773909
6725,0.6774121221807258
4586,0.694133178011163
4414,0.9154968970145619
4546,0.8145636365059237
6721,0.4390093284510214
493,0.6909981433578488
7470,0.7996526812732615
8881,0.8264892757047702
2496,0.8348014107520516
8860,0.8404122786623076
3987,0.8286109301237982
2953,0.7028045795955983
432,0.7768605380139779
1952,0.8157338669227633
8670,0.8282558897552321
7195,0.882552477018892
5835,0.8523507445522137
9639,0.8960214676509021
6590,0.3526914181040668
4869,0.803007239020953
7621,0.7360319571812673
10036,0.7756713179855423
5358,0.7583739865406492
5383,0.6378055928301769
6778,0.7361904625618195
1332,0.8251590140187298
9076,0.8692224217574821
9739,0.8147030754239077
5126,0.5860379662184089
7529,0.8963997232826024
5589,0.42191310678629484
3546,0.7429878196996156
8719,0.7341991087860454
1373,0.7184336685795296
6047,0.8423424688233357
3270,0.8929373276683549
3822,0.4371143126435253
9310,0.8267120914444518
4861,0.8210299582000111
903,0.8648222178474523
3135,0.7792282501174687
6677,0.5186497520411097
9666,0.820006065120577
5689,0.3288150486858365
1938,0.7159453928359548
4886,0.8791635681661168
6882,0.830343226289311
9529,0.33540270722541016
3806,0.5922286329204813
2470,0.6388041135230976
5425,0.7373061699101123
945,0.7861724939093141
2576,0.8517240055687774
9685,0.24178656679495147
1800,0.41586367674144314
8016,0.5756717302334908
9263,0.8112997241673012
2086,0.8011352722417987
2696,0.7817520774953527
1927,0.8257039509135452
6746,0.7265354816717773
6294,0.7857416249721066
1375,0.7903079067093658
8992,0.7688966512481313
1897,0.8085297786509402
9949,0.6753246952898814
4377,0.7098361076247462
7085,0.45934505641878526
3056,0.7784771432891789
6347,0.3228379088786469
1244,0.7480933565116903
7159,0.6061151535503012
5946,0.8058855500186882
8302,0.7172907172971819
5956,0.630508033794937
3796,0.8288455082591243
4949,0.4923866024039249
404,0.8188224265048584
9265,0.5746044229194341
6652,0.7590592481582831
4963,0.8238277726904432
4097,0.5620311021958794
3259,0.585833719120688
1411,0.731108418445074
7329,0.737338157056882
5012,0.8366757753300148
8453,0.7260122158979078
8536,0.5481229644025265
8398,0.8620855231842688
2408,0.67733542242514
10067,0.9007890365316286
3358,0.7904900095611955
7214,0.7034444423704067
9620,0.7713127481235432
8,0.400737054645705
5249,0.86816816652862
7792,0.6856952293723845
4435,0.7958110025256201
4291,0.7677298226507249
7898,0.8638329997910482
4981,0.7892672271259084
3861,0.47341254994405757
3133,0.872662644255683
329,0.8270247714918773
3340,0.7696449637615649
1785,0.6063077746653744
7290,0.8449658679799431
260,0.8800117273500483
1403,0.7788635466485112
5146,0.8251401317590767
1889,0.7856826202309023
2455,0.7970538274475095
9352,0.7935752861160646
4259,0.6565868223261805
6353,0.7726609747399116
5222,0.8811287190905098
3226,0.8156808294820698
6232,0.7280331878879268
4209,0.7560950234329318
8291,0.53990089163581
7104,0.8676402771272004
5528,0.8039171255342744
1664,0.38506410796341256
3811,0.8495751999672064
3848,0.8714784318471566
4694,0.7811333042751295
2163,0.8371087527336031
3866,0.8394315051976274
872,0.7452518432024058
4451,0.7225121618315781
8661,0.782827841939847
8600,0.8115743181101461
5322,0.667661834884948
1534,0.5895441890959897
8412,0.8302843780144419
2709,0.7533150580375598
9442,0.7465693867342235
9136,0.8037631925777502
7525,0.9120959373618129
3398,0.6419752675502548
10037,0.844140416999667
7420,0.6302254368215482
7536,0.7601330934665844
5115,0.868273456610476
788,0.8103826983926713
8646,0.6794763650417144
5067,0.6892427118280241
7436,0.5779139747441288
5002,0.8856973163158921
2391,0.7962262720352401
529,0.799586243470619
6130,0.5357358322251228
1183,0.7928681195671778
2116,0.6171677499942938
6586,0.724113668487555
9629,0.7625714056244902
4808,0.8121940112263152
5137,0.7023727922115229
7970,0.7404864541541517
3113,0.6751422028814448
6351,0.8617555868066608
3001,0.7414495141347027
4027,0.5298942938738037
9087,0.7988039478730898
5063,0.4668873188889478
5402,0.8550051394864006
9019,0.6884713018446577
9678,0.8368678343491357
367,0.563219764341063
4107,0.8156185804601127
4967,0.8069655515492246
1336,0.8250450447691965
1513,0.7401566260226828
1482,0.816583376993378
10002,0.7801393064165775
2074,0.6519366480252818
9122,0.7412801808743344
1787,0.8193566738929867
4681,0.6574792348656011
6985,0.5336205777207713
4399,0.8682035878150867
9353,0.6255606699500862
3635,0.5003870103051432
2423,0.7435651649935627
7341,0.6859616229696637
7627,0.6957364505234945
10087,0.7652393947420039
3518,0.5978104444571636
8556,0.4259661906941945
7832,0.4835677955558491
7916,0.5954724481621539
1535,0.8085633454290025
3406,0.7849072975074306
297,0.7822209315532782
2860,0.7977702163904293
8107,0.7473769995486195
6864,0.5859881575911079
9241,0.8108232332768625
1507,0.6554171611096928
5272,0.5808215464578019
9452,0.35663848132707304
3244,0.7633468154888349
7937,0.7231786104199242
4078,0.21273553795715675
3018,0.5653232579535447
208,0.5619326851470412
2039,0.56887989846112
6647,0.8302538627602524
5185,0.8628896150174447
2739,0.8269024071193932
5701,0.7819216578586731
3021,0.9217405871535979
6936,0.8306128045812852
3082,0.8170841218623831
5024,0.622351685074103
4846,0.7444403138402579
6955,0.8750350592260494
1894,0.7441016292607466
7665,0.821374789206506
4566,0.7666472329137374
4480,0.7232786615527472
9608,0.8143408571708898
6341,0.7886306622888556
3182,0.7821406290668991
3684,0.6228010368817014
1587,0.8410383734204457
4632,0.7183433468539762
4452,0.7618828775769536
9347,0.7205835024281425
6984,0.794088826780268
8059,0.7955175736947862
6965,0.8757208550032926
6006,0.6189830681049225
1075,0.822529935257763
7294,0.674238903927638
182,0.7507196072892187
9450,0.7076509158145227
6243,0.8604766851670949
786,0.7324131556251746
6260,0.8507755644971758
4379,0.7852716672596928
9626,0.7397267238233423
9604,0.8436113446366235
8493,0.7519582952257738
9476,0.9432912410339495
5702,0.8321488645522997
2055,0.9179132573508458
7160,0.8245193816003163
3162,0.8037318158255138
3471,0.7931519857618955
6819,0.6693069514818756
2272,0.7342534021670671
1423,0.8952179210333808
1498,0.5287683784087572
267,0.8561467434900193
9543,0.7595487420610275
7579,0.7342096207606961
9314,0.6017159627704822
6183,0.836892811112005
8066,0.5763198353689934
9479,0.7993946932398753
37,0.8456613868364231
10060,0.7598510059363918
2585,0.8367398285642231
7589,0.6846219877730553
5037,0.7761844503248593
7004,0.702080100335332
9097,0.7913729129368233
8654,0.3508791505711601
4037,0.7957606964427159
1450,0.8796716203909273
9237,0.6311177221547158
8718,0.293815877617912
2812,0.47964044886238333
7474,0.7884455225127821
8779,0.6615678097838549
8265,0.7899435581021316
1269,0.8018383478414924
6933,0.8315457999682629
8344,0.8748630464325458
3872,0.7598684859584163
5359,0.8086777886191485
7783,0.79526927593867
8096,0.8043467053882095
364,0.845032157548775
8236,0.7892098002085818
9582,0.844927881840191
3254,0.8185574271500865
1443,0.7823400027655891
4319,0.8181280894773288
8783,0.636067574786838
1725,0.7347760401724442
4401,0.8180674568601666
7822,0.7948043675165034
7074,0.8460489090486843
1314,0.7687568346151651
9195,0.7408689648094224
10070,0.7136466177489281
4976,0.7308082890283387
149,0.723101347766104
7407,0.6051183524197766
2318,0.7502467529873713
643,0.7139613853293124
5660,0.7344291833485804
3845,0.7447776438295629
5264,0.7763846712016652
8825,0.8231714641665219
2412,0.5679728112660762
3266,0.82131760998898
6833,0.8286524181798877
9718,0.7909541573648884
6309,0.7589002984546381
3012,0.7028657347946236
2704,0.6928539378337759
9050,0.8772968275010534
3350,0.8283742257337005
2640,0.7896846435428525
6244,0.6792256337279149
1499,0.6954189779129601
4358,0.7317258331448243
2064,0.708282779313906
9,0.8080313293099001
6641,0.7712689399181593
5119,0.7526886083724529
4672,0.8289551331374633
7798,0.7821484401533582
4089,0.7867253570108984
1454,0.6443431294258771
7825,0.7060729379373307
1948,0.7395864644524179
3647,0.8233554751991109
5104,0.6095827354761235
3669,0.5974862602403354
2833,0.9090050926583747
5629,0.8076641194053646
1236,0.7711956579924224
2838,0.3042104222253604
551,0.6230848145254873
9702,0.7934153458704726
8940,0.8134019597101824
5064,0.745724058311953
8431,0.80062326223387
6414,0.7420128329001545
7330,0.5977728054978241
165,0.781052035123771
6205,0.8618385005495218
64,0.7648545760427851
6749,0.8631343480471756
1564,0.7716334965164231
4711,0.7381592645478404
4676,0.8593496177641363
6492,0.8859453669269365
2936,0.8521646071614685
5661,0.8303063094550568
8415,0.7651787655217914
7347,0.7856580567553525
5648,0.2951613660845624
586,0.806217851120777
5229,0.6539180963612781
8981,0.8440545254136832
8977,0.6400611998764535
3091,0.855461573564137
7941,0.8777387823348469
4977,0.8228286074004999
1808,0.9130872461850507
10042,0.7762870937888504
1042,0.865889218727227
9931,0.6430951946704203
90,0.7625313922468414
5460,0.9193626163687414
1752,0.44217008799362717
4345,0.7695561367218767
9193,0.9063474458393643
4429,0.8110864333015702
3101,0.6729988407343278
8984,0.7226931185751679
1195,0.8463167708626006
9706,0.6856728328328123
7543,0.8826631874202993
2591,0.40231747758320685
1807,0.7466724833055259
7894,0.45269320095863663
9196,0.5389496522301844
3479,0.6925886334228083
2215,0.8316583478800458
2973,0.7202106434296915
8022,0.78506734637693
9719,0.5409469632332363
7576,0.7160115047465339
6235,0.8317604198741536
3968,0.8775602700117906
4859,0.72822909057899
3396,0.76432736403049
6924,0.7532424844457574
4338,0.7312810349505018
5962,0.6522820351838856
865,0.16113830102764407
572,0.772893110352508
2529,0.8086049811769676
5893,0.7565503863932425
6908,0.8981024050267936
3404,0.7103686458542334
7422,0.7933980960078388
3554,0.2900978995367266
4594,0.7651487866279828
8228,0.7918070518152615
5756,0.7050089357935864
8591,0.24412150346471764
3055,0.6764293829981751
634,0.8411096679817976
1493,0.6655448526954685
1576,0.5645003109247861
9833,0.5655584037788038
5878,0.5203965797968327
7639,0.7512856636298616
2971,0.7522380986336433
497,0.3341407288004144
8111,0.8641595561634509
9549,0.9136310948048276
7027,0.6129518981999688
9360,0.7574645398503749
7699,0.620125618566887
2858,0.6898762019503272
7967,0.5306565190014831
2517,0.7877413063516631
9982,0.6791731161528834
6267,0.38466460250388845
7108,0.6385880808993751
1953,0.6737041505886386
640,0.7754785915578579
4257,0.48763684890777476
2386,0.8046308977556406
3787,0.7780298326776064
5231,0.8388417510268992
1770,0.7016027130037772
6628,0.617954499328839
4031,0.7952660851579741
3239,0.8047605171541098
9649,0.5333612506245834
9818,0.7335416019403649
2676,0.6290993758469808
8781,0.3619338899537556
8982,0.7980988890010607
907,0.8244488356420744
4459,0.7728329890855393
4958,0.6998991449450419
3041,0.7438529170109893
444,0.6403654930912116
8545,0.7026541595718522
680,0.8054933535895085
3329,0.6891045487938697
6014,0.7009946117645086
7211,0.8306505732919486
1595,0.8312947927841793
1912,0.7590620911658358
6189,0.5432473644719722
5273,0.7970530444068363
7049,0.6460026904760962
6401,0.8087378055581361
5052,0.8381906609968127
4537,0.867565191465628
6337,0.5077032193879699
1776,0.7586440526012387
9795,0.6064018629243568
869,0.8912692655915523
1217,0.6203118998958517
4612,0.6068297369722995
9757,0.9111661653198126
6501,0.7142235560646992
9298,0.866747484253421
207,0.8180474946687405
6543,0.8299792407648168
2771,0.8479938128889309
753,0.8706147627925027
1730,0.24860494531659463
7053,0.6275693786021677
5127,0.7294376370900107
3212,0.9247846272349488
421,0.6602720317775765
8772,0.6916603758041227
4005,0.7867140981357866
7381,0.794120533839989
4179,0.7277468739028851
4528,0.806898022424114
8025,0.5721358613811715
1842,0.8736002700021367
6808,0.785730141759303
4779,0.7164955406652728
3505,0.7524574830921877
3468,0.7316522859881837
3726,0.8933698049163904
110,0.882056193318952
8031,0.8375694529833982
